{ "Great Britain": 0.23084911345796333, "US": 0.15048732741624504 }
